Comanche,English,Source,,
Marʉ́awe,Hello,https://www.omniglot.com/language/phrases/comanche.htm,,
nʉmʉ tekwapʉ̱,Comanche language,https://www.omniglot.com/writing/comanche.htm,,
taibo tekwapʉ̱,English Language,https://www.omniglot.com/writing/comanche.htm,,
Ʉnha hakai nʉʉsuka,How are you?,https://www.omniglot.com/writing/comanche.htm,,
"tsaatʉ̱, ʉntse?","Fine, and you?",https://www.omniglot.com/writing/comanche.htm,,
nʉ nahnia tsa,My name is,https://www.omniglot.com/writing/comanche.htm,, 
ʉnha hakai nahniaka?,What's your name?,https://www.omniglot.com/writing/comanche.htm,,
ke nʉ ʉ naki̱supanaʔitʉ,I don't understand you,https://www.omniglot.com/writing/comanche.htm,,
ʉ naki̱supanaʔitʉ nʉ,I understand you,https://www.omniglot.com/writing/comanche.htm,,
haa,Yes,https://www.omniglot.com/writing/comanche.htm,,
kee,No,https://www.omniglot.com/writing/comanche.htm,,
ʉra,Thank you,https://archive.phonetics.ucla.edu/Language/COM/com_word-list_1992_01.html,,
ling,What is your name?,https://archive.phonetics.ucla.edu/Language/COM/com_word-list_1992_01.html,,
isa hini,What is this?,https://archive.phonetics.ucla.edu/Language/COM/com_word-list_1992_01.html,,
osa hini,What is that?,https://archive.phonetics.ucla.edu/Language/COM/com_word-list_1992_01.html,,
waʔipʉ̆,Woman,https://archive.phonetics.ucla.edu/Language/COM/com_word-list_1992_01.html,,
tenapʉ,Man,https://archive.phonetics.ucla.edu/Language/COM/com_word-list_1992_01.html,,
nʉ nakaʔaka,Listen to me!,https://archive.phonetics.ucla.edu/Language/COM/com_word-list_1992_01.html,,
ahpʉ,Father,https://archive.phonetics.ucla.edu/Language/COM/com_word-list_1992_05.html,,
pia,Mother,https://archive.phonetics.ucla.edu/Language/COM/com_word-list_1992_05.html,,
nami,Younger Sister,https://archive.phonetics.ucla.edu/Language/COM/com_word-list_1992_05.html,,
patsi,Elder Sister,https://archive.phonetics.ucla.edu/Language/COM/com_word-list_1992_05.html,,
tami,Younger Brother,https://archive.phonetics.ucla.edu/Language/COM/com_word-list_1992_05.html,,
pabi,Elder Brother,https://archive.phonetics.ucla.edu/Language/COM/com_word-list_1992_05.html,,
tua,Son,https://archive.phonetics.ucla.edu/Language/COM/com_word-list_1992_05.html,,
peta,Daughter,https://archive.phonetics.ucla.edu/Language/COM/com_word-list_1992_05.html,,
ma ruawe. isa hakarʉ?,Hi. Who is it?,https://archive.phonetics.ucla.edu/Language/COM/com_word-list_1992_05.html,,
ʉnha hina nikwai?,What do you want?,https://archive.phonetics.ucla.edu/Language/COM/com_word-list_1992_05.html,,
ʉnha puhiwipaʔi?,Do you have [any] money?,https://archive.phonetics.ucla.edu/Language/COM/com_word-list_1992_05.html,,
kehena nʉ. Pʉetsʉ̆kŭ nʉ puhiwi maruʔi. ʉntse hipeti nikwai?,No. Tomorrow I'll get money. How much do you want?,https://archive.phonetics.ucla.edu/Language/COM/com_word-list_1992_05.html,,
na moʔobetĭ.,Just five [dollars].,https://archive.phonetics.ucla.edu/Language/COM/com_word-list_1992_05.html,,
haa na nʉ; ʉ uturuʔi.,Ok. I'll give it to you.,https://archive.phonetics.ucla.edu/Language/COM/com_word-list_1992_05.html,,
nohitsaakʉ. Nonʉ pʉetsʉ̆kŭ ʉ punin ne. ʉra.,Great. I'll see you tomorrow. Thanks.,https://archive.phonetics.ucla.edu/Language/COM/com_word-list_1992_05.html,,
poopi,Jump!,https://archive.phonetics.ucla.edu/Language/COM/com_word-list_1992_03.html,,
waʔipʉʔa poo,"Write ""woman""!",https://archive.phonetics.ucla.edu/Language/COM/com_word-list_1992_03.html,,
waʔipʉ̆ʔa nʉ poorʉ,"I'm writing ""woman"".",https://archive.phonetics.ucla.edu/Language/COM/com_word-list_1992_03.html,,
nʉ sariiʔa nʉ kamakʉtʉ̆,I love my dog.,https://archive.phonetics.ucla.edu/Language/COM/com_word-list_1992_03.html,,
ʉ kamakʉtʉ̆ nʉ,I love you.,https://archive.phonetics.ucla.edu/Language/COM/com_word-list_1992_03.html,,
sariiʔa nʉ puni,I see a dog.,https://archive.phonetics.ucla.edu/Language/COM/com_word-list_1992_03.html,,
tenahpʉʔa nʉ puni,I see a man.,https://archive.phonetics.ucla.edu/Language/COM/com_word-list_1992_03.html,,
ma rʉ́awebʉkwʉ̆,Hello (to two people),https://archive.phonetics.ucla.edu/Language/COM/com_word-list_1992_03.html,,
ma rʉ́aweeka,Hello (to group),https://archive.phonetics.ucla.edu/Language/COM/com_word-list_1992_03.html,,
naapĕ,Foot,https://archive.phonetics.ucla.edu/Language/COM/com_word-list_1992_05.html,,
oomŏ,Leg,https://archive.phonetics.ucla.edu/Language/COM/com_word-list_1992_05.html,,
moʔo,Hand,https://archive.phonetics.ucla.edu/Language/COM/com_word-list_1992_05.html,,
pʉʉra,Forearm,https://archive.phonetics.ucla.edu/Language/COM/com_word-list_1992_05.html,,
paapĭ,"Head, Hair",https://archive.phonetics.ucla.edu/Language/COM/com_word-list_1992_05.html,,
tʉʉpe,Mouth,https://archive.phonetics.ucla.edu/Language/COM/com_word-list_1992_05.html,,
pui,Eye,https://archive.phonetics.ucla.edu/Language/COM/com_word-list_1992_05.html,,
nakĭ,Ear,https://archive.phonetics.ucla.edu/Language/COM/com_word-list_1992_05.html,,
muubi,Nose,https://archive.phonetics.ucla.edu/Language/COM/com_word-list_1992_05.html,,
Tsaaku ʉnʉ̠,You did good,https://www.youtube.com/fzfornqizP8?si=2TRCwxnyyT3Vq7L2,,
haits,Friend (Male),https://www.angelfire.com/creep2/fracod/comanche.html,,
tui,Friend (Female),https://www.angelfire.com/creep2/fracod/comanche.html,,
Suakʉtu mabitsia nʉepi tsa kimarui,"Be careful, a tornado is coming.",https://www.youtube.com/Z6JumTpTmbU?si=UhrxVFVbv0MM6wzJ,,
Sihka tsaa tabeeni,Today is a good day,https://www.youtube.com/JxZdDJEV58E?si=Lp1ysrE5ZHnQVcTF,,
sʉmʉ nokimarʉ,"come, as a group",https://wiki.lingvoforum.net/wiki/Comanche_dictionary,,
taama̠,teeth,https://wiki.lingvoforum.net/wiki/Comanche_dictionary,,
Itsa tenahpʉ itsabʉnʉ waʔipʉ.,This is a man and this is a woman.,https://www.facebook.com/watch/?v=454493888593705,,
Itsa wasápe.,This is a bear.,https://www.facebook.com/watch/?v=454493888593705,,
Itsa otʉnohkopʉ̠.,This is a cookie.,https://www.facebook.com/watch/?v=454493888593705,,
Tʉbitsi ʉtsʉʔitʉ ma.,It's very cold.,https://www.facebook.com/watch/?v=454493888593705,,
Tahkaʔʉmarʉ ma.,It's snowing.,https://www.facebook.com/watch/?v=454493888593705,,
Tsaa ma nʉʉsukatʉ wahimarʉ̠!,It's Christmas time!,https://www.facebook.com/watch/?v=454493888593705,,
Otʉnohkopʉ̠ʔha tanʉ nokoʔaikʉ̠,Let’s bake cookies,https://www.facebook.com/CNLanguage/videos/1843639013064433,,
Hina tanʉ kahniku hanitui,What can we do at the house?,https://www.facebook.com/CNLanguage/videos/1350555732640497,,
tanʉ,we (all),https://www.facebook.com/CNLanguage/videos/1843639013064433,,
nohkorʉ,bake,https://wiki.lingvoforum.net/wiki/Comanche_dictionary,,
kʉ̠,"indicator that the action is benefiting someone (in this case, ""we"")",https://www.facebook.com/CNLanguage/videos/1843639013064433,,
Ʉrʉi tupitsipʉ̠ʔha takwʉ̠ hibitui,Let’s drink hot chocolate!,https://www.facebook.com/CNLanguage/videos/1849111329231793,,
Ʉnʉ̠ha tahkatenapʉʔa haniʔai suwaitʉ̠?,Do you want to build a snowman?,https://www.facebook.com/CNLanguage/videos/1785045462250692,,
Keta tʉrʉhka,Don't steal,https://www.facebook.com/CNLanguage/videos/840239547743168,,
Oyetʉ̠ka kima,Everyone come,https://www.facebook.com/CNLanguage/videos/175242867619539,,
Tsaatʉ tsa tai wʉhpitʉʔi,Something good has come for us,https://www.facebook.com/CNLanguage/videos/175242867619539,,
U nipana’ai tanʉ sʉmʉ oyetʉ,Let’s all praise him,https://www.facebook.com/CNLanguage/videos/175242867619539,,
Kimatsi u puni,"Come (having come), see him",https://www.facebook.com/CNLanguage/videos/175242867619539,,
Godha tua tsa pitʉʔi,God’s son has arrived,https://www.facebook.com/CNLanguage/videos/175242867619539,,
Uwakatuka kima,Come to him (everyone),https://www.facebook.com/CNLanguage/videos/175242867619539,,
Uwakatuka kimatsi,Having come to him,https://www.facebook.com/CNLanguage/videos/175242867619539,,
tai makwitsoʔaitʉ̠,He will save us,https://www.facebook.com/CNLanguage/videos/175242867619539,,
ka,suffix means plural,https://wiki.lingvoforum.net/wiki/Comanche_dictionary#k,,
Keta isaʔai,Don't lie,https://www.facebook.com/watch/?v=1385010345764387,,
Keta tʉsuwai,Don't be jealous,https://www.facebook.com/watch/?v=1385010345764387,,
Tsaa nʉsukaa,(It) feels good,https://www.facebook.com/CNLanguage/videos/196398745274230,,
Taa Narʉmi tsa kimarʉ̠,(That) our Master is coming,https://www.facebook.com/CNLanguage/videos/196398745274230,,
Oyetʉ̠ tanʉ ura urarui,We’re all going to find him,https://www.facebook.com/CNLanguage/videos/196398745274230,,
Tamʉ u kamakʉʉna,It is us that he loves,https://www.facebook.com/CNLanguage/videos/196398745274230,,
U pihikʉ̠ habitʉʉ,We’re in his heart,https://www.facebook.com/CNLanguage/videos/196398745274230,,
Nanʉ̠suwʉkaʔitʉ̠,Wonderful,https://www.facebook.com/CNLanguage/videos/196398745274230,,
Nanʉ̠suwʉkaʔiku,In a wonderful way,https://www.facebook.com/CNLanguage/videos/196398745274230,,
U tai kamakʉtʉ̠,He loves us,https://www.facebook.com/CNLanguage/videos/196398745274230,,
itsa tahkabi,this is snow,https://www.facebook.com/CNLanguage/videos/519709958668990,,
tahkaʔʉmai ma,it snowed,https://www.facebook.com/CNLanguage/videos/519709958668990,,
Ihka nʉ tʉawekʉ̠,Tell me about this,https://www.facebook.com/CNLanguage/videos/230797191392667,,
Itsa toponitʉ,This is round,https://www.facebook.com/CNLanguage/videos/230797191392667,,
Amawootsa toponitʉ,The apple is round,https://www.facebook.com/CNLanguage/videos/230797191392667,,
Itsa tahibatʉ,This is flat (or thin),https://www.facebook.com/CNLanguage/videos/230797191392667,,
Totiiatsa tahibatʉ,The tortilla is flat (or thin),https://www.facebook.com/CNLanguage/videos/230797191392667,,
Itsa piapʉ,This is big,https://www.facebook.com/CNLanguage/videos/230797191392667,,
Sariitsa piapʉ,The dog is big,https://www.facebook.com/CNLanguage/videos/230797191392667,,
sarii,dog,https://archive.phonetics.ucla.edu/Language/COM/com_word-list_1992_01.html,,
waʔóo,cat,https://archive.phonetics.ucla.edu/Language/COM/com_word-list_1992_01.html,,
nʉʉmʉ,Comanche (person),https://archive.phonetics.ucla.edu/Language/COM/com_word-list_1992_01.html,,
nʉmʉ tekwapʉ̱,Comanche (language),https://www.youtube.com/watch?v=RjRlQRFtbhQ,,
kima,Come here,https://archive.phonetics.ucla.edu/Language/COM/com_word-list_1992_01.html,,
mia,Go,https://archive.phonetics.ucla.edu/Language/COM/com_word-list_1992_01.html,,
wʉʉnʉ,Stand up,https://archive.phonetics.ucla.edu/Language/COM/com_word-list_1992_01.html,,
kaarʉ,Sit down!,https://archive.phonetics.ucla.edu/Language/COM/com_word-list_1992_01.html,,
sʉmʉ,One,https://www.facebook.com/watch/?v=2658320504450208,,
wahatʉ,Two,https://www.facebook.com/watch/?v=2658320504450208,,
pahitʉ,Three,https://www.facebook.com/watch/?v=2658320504450208,,
hayarokwetʉ,Four,https://www.facebook.com/watch/?v=2658320504450208,,
moʔobetʉ,Five,https://www.facebook.com/watch/?v=2658320504450208,,
nabaitʉ,Six,https://www.facebook.com/watch/?v=2658320504450208,,
tatsʉkwitʉ,Seven,https://www.facebook.com/watch/?v=2658320504450208,,
namewatsʉkwitʉ,Eight,https://www.facebook.com/watch/?v=2658320504450208,,
wuminatʉ,Nine,https://www.facebook.com/watch/?v=2658320504450208,,
sumarʉ,Ten,https://www.facebook.com/watch/?v=2658320504450208,,
kooko,chicken,https://www.facebook.com/CNLanguage/videos/1068130630364809,,
peekwi,fish,https://www.facebook.com/CNLanguage/videos/1068130630364809,,
pʉʉyʉ,duck,https://www.facebook.com/CNLanguage/videos/1068130630364809,,
tʉhʉya,Horse (any),https://www.facebook.com/CNLanguage/videos/1068130630364809,,
kwasinaboo,Snake,https://www.facebook.com/CNLanguage/videos/1068130630364809,,
mubi pooro,pig,https://www.facebook.com/CNLanguage/videos/1068130630364809,,
piapʉ̠ti u sariikatʉ,he has a big dog,https://www.facebook.com/CNLanguage/videos/493372678206384,,
paʔati u paapikatʉ,she has long hair,https://www.facebook.com/CNLanguage/videos/493372678206384,,
toponiti u koobekatʉ,he has a round face,https://www.facebook.com/CNLanguage/videos/493372678206384,,
paʔahuupi,tall tree,https://www.facebook.com/CNLanguage/videos/493372678206384,,
huupitsa paʔatʉ,the tree is tall,https://www.facebook.com/CNLanguage/videos/493372678206384,,
huupi,tree,https://www.facebook.com/CNLanguage/videos/131053288067267,,
Nʉ wʉhtuikʉ̠,Wait for me,https://www.facebook.com/CNLanguage/videos/631636740987879,,
Nʉ makwikʉ̠,Chase me,https://www.facebook.com/CNLanguage/videos/631636740987879,,
puhaka̠ni,church,https://www.facebook.com/CNLanguage/videos/2590168454427106,,
huutsuu,bird,https://archive.phonetics.ucla.edu/Language/COM/com_word-list_1992_01.html,,
huutsuʔa nʉ puni,I see a bird,https://www.facebook.com/CNLanguage/videos/712611666142410,,
yʉtsʉ,Airplane,https://www.comanchemuseum.com/dictionary.html,,
kasaraibo,Angel,https://www.comanchemuseum.com/dictionary.html,,
amawoo,Apple,https://www.comanchemuseum.com/dictionary.html,,
aama,Arm,https://www.comanchemuseum.com/dictionary.html,,
paaka,Arrow,https://www.comanchemuseum.com/dictionary.html,,
wosa,Bag,https://www.comanchemuseum.com/dictionary.html,,
onaa,Baby,https://www.comanchemuseum.com/dictionary.html,,
naasʉʉpee,Ball,https://www.comanchemuseum.com/dictionary.html,,
aʔakaa,Banana,https://www.comanchemuseum.com/dictionary.html,,
wasape,Bear,https://www.comanchemuseum.com/dictionary.html,,
tʉnihatʉbopʉ,Book,https://www.comanchemuseum.com/dictionary.html,,
tuinʉhpʉ,Boy,https://www.comanchemuseum.com/dictionary.html,,
wihtua,Bucket,https://www.comanchemuseum.com/dictionary.html,,
taa,Computer,https://www.comanchemuseum.com/dictionary.html,,
otʉ,Cookies,https://www.comanchemuseum.com/dictionary.html,,
kʉtseena,Coyote,https://www.comanchemuseum.com/dictionary.html,,
suabe̲,Cross,https://www.comanchemuseum.com/dictionary.html,,
oha,Carrot,https://www.comanchemuseum.com/dictionary.html,,
wana,Dollar Bills,https://www.comanchemuseum.com/dictionary.html,,
awoʔnohi,Dice,https://www.comanchemuseum.com/dictionary.html,,
muhyʉ,Door,https://www.comanchemuseum.com/dictionary.html,,
waako̲hno,Day Cradle,https://www.comanchemuseum.com/dictionary.html,,
kiwihnai,Eagle,https://www.comanchemuseum.com/dictionary.html,,
yubaaʔsi,Fall Grapes,https://www.comanchemuseum.com/dictionary.html,,
otʉ,Feather,https://www.comanchemuseum.com/dictionary.html,,
saa,Flowers,https://www.comanchemuseum.com/dictionary.html,,
soni,Fork,https://www.comanchemuseum.com/dictionary.html,,
pakʉnaipʉ,Fog,https://www.comanchemuseum.com/dictionary.html,,
pʉetʉyai,Ghost,https://www.comanchemuseum.com/dictionary.html,,
naiʔbi,Girl,https://www.comanchemuseum.com/dictionary.html,,
tukuhputʉ̲,Going Down,https://www.comanchemuseum.com/dictionary.html,,
tʉbitsi̲nakwʉ̲,Going to the Right,https://www.comanchemuseum.com/dictionary.html,,
kahni,House,https://www.comanchemuseum.com/dictionary.html,,
pihi,Heart,https://www.comanchemuseum.com/dictionary.html,,
aiskuri,Ice Cream,https://www.comanchemuseum.com/dictionary.html,,
yuʔpuhiwi̲,Iron,https://www.comanchemuseum.com/dictionary.html,,
tʉtsitʉma,Key,https://www.comanchemuseum.com/dictionary.html,,
tanasi,King,https://www.comanchemuseum.com/dictionary.html,,
ekakwitsʉbaitʉ,Lightning,https://www.comanchemuseum.com/dictionary.html,,
kupi̲ta,Light,https://www.comanchemuseum.com/dictionary.html,,
puhihwi,Money,https://www.comanchemuseum.com/dictionary.html,,
kwasi,Monkey,https://www.comanchemuseum.com/dictionary.html,,
mʉa,Moon,https://www.comanchemuseum.com/dictionary.html,,
kahuu,Mouse,https://www.comanchemuseum.com/dictionary.html,,
North,kwihnenai,https://www.comanchemuseum.com/dictionary.html,,
ohapi̲tʉʉ,Orange Fruit,https://www.comanchemuseum.com/dictionary.html,,
tʉboo,Pencil,https://www.comanchemuseum.com/dictionary.html,,
tutʉkʉmahya,Pepper,https://www.comanchemuseum.com/dictionary.html,,
itsee,Root,https://www.comanchemuseum.com/dictionary.html,,
moʔotsiʔnika,Ring,https://www.comanchemuseum.com/dictionary.html,,
ʉmaarʉ,Rain,https://www.comanchemuseum.com/dictionary.html,,
tabukina,Rabbit,https://www.comanchemuseum.com/dictionary.html,,
onaabi,Salt,https://www.comanchemuseum.com/dictionary.html,,
huʔkoʔi,Saw,https://www.comanchemuseum.com/dictionary.html,,
wana,Scissor,https://www.comanchemuseum.com/dictionary.html,,
yahnesuarʉ,Smile,https://www.comanchemuseum.com/dictionary.html,,
tʉawoo,Spoon,https://www.comanchemuseum.com/dictionary.html,,
tatsinuupi,Star,https://www.comanchemuseum.com/dictionary.html,,
eka,Strawberry,https://www.comanchemuseum.com/dictionary.html,,
taabe,Sun,https://www.comanchemuseum.com/dictionary.html,,
hiʔopi,Sunflower,https://www.comanchemuseum.com/dictionary.html,,
kuyunii,Turkey,https://www.comanchemuseum.com/dictionary.html,,
wakaree,Turtle,https://www.comanchemuseum.com/dictionary.html,,
hʉkiʔai,Umbrella,https://www.comanchemuseum.com/dictionary.html,,
puhi,Leaf,https://www.comanchemuseum.com/dictionary.html,,
tsoʔnika,Hat,https://www.comanchemuseum.com/dictionary.html,,
nʉmʉ,Mocasin,https://www.comanchemuseum.com/dictionary.html,,
ohta,Mud House,https://www.comanchemuseum.com/dictionary.html,,
Paa,Water,https://www.native-languages.org/comanche_words.htm,,
taibo,Soldier,https://glosbe.com/en/com/soldier,,
tomoobi,Sky,https://glosbe.com/en/com,,
toya,Mountain,https://asjp.clld.org/languages/COMANCHE,,
tʉboopʉ̆ha nʉ niharʉ,I'm reading a book.,https://archive.phonetics.ucla.edu/Language/COM/com_word-list_1992_03.html,,
tʉboo kahni,school,https://archive.phonetics.ucla.edu/Language/COM/com_word-list_1992_03.html,,
anáa,ouchǃ,https://archive.phonetics.ucla.edu/Language/COM/com_word-list_1992_03.html,,
hina ʉnʉ puninʉ̆,What did you see?,https://archive.phonetics.ucla.edu/Language/COM/com_word-list_1992_03.html,,
aisua kwana̠,bad breath,https://www.webonary.org/comanche/browse/browse-comanche/?letter=t&key=com,,
áikʉrahánipu̠,do something wrong,https://www.webonary.org/comanche/browse/browse-comanche/?letter=t&key=com,,
aitʉ,not good; no good,https://www.webonary.org/comanche/browse/browse-comanche/?letter=t&key=com,,
akwʉ̠si,sneeze,https://www.webonary.org/comanche/browse/browse-comanche/?letter=t&key=com,,
anikuura,ants,https://www.webonary.org/comanche/browse/browse-comanche/?letter=t&key=com,,
amawoo yʉyʉka,apple jelly,https://www.webonary.org/comanche/browse/browse-comanche/?letter=t&key=com,,
atakwaʔsʉʔaipʉ̠,cooks easily,https://www.webonary.org/comanche/browse/browse-comanche/?letter=t&key=com,,
atanitʉ̠ / atabitsʉ̠,foreign,https://www.webonary.org/comanche/browse/browse-comanche/?letter=t&key=com,,
arai,bridle,https://www.webonary.org/comanche/browse/browse-comanche/?letter=t&key=com,,
atsi,secretly see,https://www.webonary.org/comanche/browse/browse-comanche/?letter=t&key=com,,
atʉrʉʉ,others,https://www.webonary.org/comanche/browse/browse-comanche/?letter=t&key=com,,
atʉsokoobi,foreign country,https://www.webonary.org/comanche/browse/browse-comanche/?letter=t&key=com,,
awi,to miss it,https://www.webonary.org/comanche/browse/browse-comanche/?letter=t&key=com,,
Atsabi,Spirit,https://www.webonary.org/comanche/browse/browse-comanche/?letter=t&key=com,,
ataʔokwetʉ,easy flow,https://www.webonary.org/comanche/browse/browse-comanche/?letter=t&key=com,,
awomakotse,dishwasher,https://www.webonary.org/comanche/browse/browse-comanche/?letter=t&key=com,,
aworahna,cupboard,https://www.webonary.org/comanche/browse/browse-comanche/?letter=t&key=com,,
eeko,tongue,https://www.webonary.org/comanche/browse/browse-comanche/?letter=t&key=com,,
ebi wʉmi̠na,"influenza, flu",https://www.webonary.org/comanche/browse/browse-comanche/?letter=t&key=com,,
ebikuyuutsi,roadrunner,https://www.webonary.org/comanche/browse/browse-comanche/?letter=t&key=com,,
haakutʉ̠,where from,https://www.webonary.org/comanche/browse/browse-comanche/?letter=t&key=com,,
haapaniitʉ̠,valley,https://www.webonary.org/comanche/browse/browse-comanche/?letter=t&key=com,,
habi kahni,motel room,https://www.webonary.org/comanche/browse/browse-comanche/?letter=t&key=com,,
habiikwa,go lie down,https://www.webonary.org/comanche/browse/browse-comanche/?letter=t&key=com,,
hai pia,wife's sister,https://www.webonary.org/comanche/browse/browse-comanche/?letter=t&key=com,,
hai pʉyʉ,water bird (duck),https://www.webonary.org/comanche/browse/browse-comanche/?letter=t&key=com,,
iiku,this way,https://www.webonary.org/comanche/browse/browse-comanche/?letter=t&key=com,,
isa,wolf,https://www.webonary.org/comanche/browse/browse-comanche/?letter=t&key=com,,
isa wasʉ,poison,https://www.webonary.org/comanche/browse/browse-comanche/?letter=t&key=com,,
kahniʔaitaibo,carpenter,https://www.webonary.org/comanche/browse/browse-comanche/?letter=t&key=com,,
kahpepusia,bed bug,https://www.webonary.org/comanche/browse/browse-comanche/?letter=t&key=com,,
kamakʉna,beloved,https://www.webonary.org/comanche/browse/browse-comanche/?letter=t&key=com,,
kahni tʉbitsaka,trailer house,https://www.webonary.org/comanche/browse/browse-comanche/?letter=t&key=com,,
kamúuta,sweet potato,https://www.webonary.org/comanche/browse/browse-comanche/?letter=t&key=com,,
katsonakwʉ̠,edge or end,https://www.webonary.org/comanche/browse/browse-comanche/?letter=t&key=com,,
kasamarʉ̠,uncombed hair,https://www.webonary.org/comanche/browse/browse-comanche/?letter=t&key=com,,
mabisoʔáitʉ̠,"angry, angered",https://www.webonary.org/comanche/browse/browse-comanche/?letter=t&key=com,,
maaka,"feed, give to eat",https://www.webonary.org/comanche/browse/browse-comanche/?letter=t&key=com,,
makʉmaʔai,sharpen,https://www.webonary.org/comanche/browse/browse-comanche/?letter=t&key=com,,
masaraa!,hands up!,https://www.webonary.org/comanche/browse/browse-comanche/?letter=t&key=com,,
masʉarʉ,help to grow,https://www.webonary.org/comanche/browse/browse-comanche/?letter=t&key=com,,
mataboʔikʉtʉ̠,transplant,https://www.webonary.org/comanche/browse/browse-comanche/?letter=t&key=com,,
matsuma,"fabric, cloth",https://www.webonary.org/comanche/browse/browse-comanche/?letter=t&key=com,,
matsune,wipe up something by hand,https://www.webonary.org/comanche/browse/browse-comanche/?letter=t&key=com,,
mawai,feel around with the hand,https://www.webonary.org/comanche/browse/browse-comanche/?letter=t&key=com,,
muʔibuikʉrʉ̠,fill,https://www.webonary.org/comanche/browse/browse-comanche/?letter=t&key=com,,
paa kʉmaa,edge of the water,https://www.webonary.org/comanche/browse/browse-comanche/?letter=t&key=com,,
paa tʉpʉ̠naa sokobi,island,https://www.webonary.org/comanche/browse/browse-comanche/?letter=t&key=com,,
pahabi̠ aawo̠,bathtub,https://www.webonary.org/comanche/browse/browse-comanche/?letter=t&key=com,,
pahmu,tobacco,https://www.webonary.org/comanche/browse/browse-comanche/?letter=t&key=com,,
pahu suakatʉ̠,"ill, sickly",https://www.webonary.org/comanche/browse/browse-comanche/?letter=t&key=com,,
pahmuʔitʉ,smoke a cigarette,https://www.webonary.org/comanche/browse/browse-comanche/?letter=t&key=com,,
paʔanai,from above,https://www.webonary.org/comanche/browse/browse-comanche/?letter=t&key=com,,
paʔekʉ̠sahpana,sailor (water soldier),https://www.webonary.org/comanche/browse/browse-comanche/?letter=t&key=com,,
Pia Nohitabenitʉ̠,Fourth of July,https://www.webonary.org/comanche/browse/browse-comanche/?letter=t&key=com,,
pia tʉbookʉ̠ni,college,https://www.webonary.org/comanche/browse/browse-comanche/?letter=t&key=com,,
pia tʉnikwʉtʉ,sing loudly,https://www.webonary.org/comanche/browse/browse-comanche/?letter=t&key=com,,
pia tawoʔi,big gun,https://www.webonary.org/comanche/browse/browse-comanche/?letter=t&key=com,,
pihisiapʉ̠,cowardly,https://www.webonary.org/comanche/browse/browse-comanche/?letter=t&key=com,,
pihiwʉhmina,heart disease,https://www.webonary.org/comanche/browse/browse-comanche/?letter=t&key=com,,
pihnáa,"sugar, honey",https://www.webonary.org/comanche/browse/browse-comanche/?letter=t&key=com,,
pihnarohtiya,"cake, sweet roll (sweet bread)",https://www.webonary.org/comanche/browse/browse-comanche/?letter=t&key=com,,
pitsipʉ̠,milk,https://www.webonary.org/comanche/browse/browse-comanche/?letter=t&key=com,,
pitsoko̠,pants,https://www.webonary.org/comanche/browse/browse-comanche/?letter=t&key=com,,
poosa,crazy,https://www.webonary.org/comanche/browse/browse-comanche/?letter=t&key=com,,
taakabi,Ice,https://www.webonary.org/comanche/browse/browse-comanche/?letter=t&key=com,,
aaʔkwi̠si,braid (woman's braid),https://wiki.lingvoforum.net/wiki/Comanche_dictionary#a,,
-betu,towards (suffix),https://wiki.lingvoforum.net/wiki/Comanche_dictionary#-,,
-bʉkwʉ̠,you two (suffix),https://wiki.lingvoforum.net/wiki/Comanche_dictionary#-,,
-bʉnitʉ,shows on‐going action (suffix),https://wiki.lingvoforum.net/wiki/Comanche_dictionary#-,,
-bʉnʉ,on the other hand (suffix),https://wiki.lingvoforum.net/wiki/Comanche_dictionary#-,,
-nai,suffix meaning “from” or “to”,https://wiki.lingvoforum.net/wiki/Comanche_dictionary#-,,
-napʉ,suffix used to refer to deceased persons,https://wiki.lingvoforum.net/wiki/Comanche_dictionary#-,,
-tsi,diminutive; expression of endearment (suffix),https://wiki.lingvoforum.net/wiki/Comanche_dictionary#-,,
Tsaa Nʉʉsukatʉ̱ Waa Himarʉ,Christmans greeting,https://www.omniglot.com/language/phrases/comanche.htm,,
Hakai ... nʉmʉ nahniaka̱?,How do you say...in comanche?,https://www.omniglot.com/language/phrases/comanche.htm,,
Ʉnha nʉmʉ tekwaʔeyu?,Do you speak comamnche?,https://www.omniglot.com/language/phrases/comanche.htm,,
Marʉ́awekwai,Tell me about it,https://www.omniglot.com/language/phrases/comanche.htm,,
Tsaaku mia,Farewell (Go in a good way!),https://quizlet.com/718424723/comanche-phrases-flash-cards/,,
yuhu taibo tekwapʉ̱,Spanish Language,https://quizlet.com/718424723/comanche-phrases-flash-cards/,,
ʉnha hʉʉ tomopʉ̱?,How old are you?,https://quizlet.com/718424723/comanche-phrases-flash-cards/,,
ʉnha nʉ naki̱supanaʔinʉ̱?,Do you understand me?,https://quizlet.com/718424723/comanche-phrases-flash-cards/,,
hakai ... nʉmʉ nahniaka̱?,What's the Comanche word for ...?,https://quizlet.com/718424723/comanche-phrases-flash-cards/,,
noo nʉ pʉetsʉ̱ku ʉ punine!,I'll see you tomorrow!,https://quizlet.com/718424723/comanche-phrases-flash-cards/,,
Keta ʉyuʔa̠kwasuʔa nasuwatsi,Don’t forget your coat,https://www.youtube.com/@CNLanguage/videos,,
Taa nʉmʉtekwarʉ̠,Speak our language,https://www.youtube.com/@CNLanguage/videos,,
Taa nʉmʉpuʔe mabitsiarʉ̠,Respect our traditions,https://www.youtube.com/@CNLanguage/videos,,
Taa naramuʔipʉʔa tʉawekʉnʉ̠,Share our stories,https://www.youtube.com/@CNLanguage/videos,,
Taa sokoobi iʔyaikʉnʉ,Protect Our Land,https://www.youtube.com/@CNLanguage/videos,,
Taa pʉbʉʔetʉʉ mabitsiarʉ̠,Honor our ancestors,https://www.youtube.com/@CNLanguage/videos,,
Nanʉ̠suyake nahpuni,Looking wonderful.,https://www.youtube.com/@CNLanguage/videos,,
Tai nanʉ̠sutai,Let's pray,https://www.youtube.com/@CNLanguage/videos,,
Ʉkiitsi yʉbanitʉ ma,It is Fall now,https://www.youtube.com/@CNLanguage/videos,,
Itʉtsa tsaatabeniʔa nʉhkahaniyu,This is a good day to dance,https://www.youtube.com/@CNLanguage/videos,,
Miitsi tanʉ punikwarui,Soon we will visit.,https://www.youtube.com/@CNLanguage/videos,,
Keta naniʔwiketʉ,Don't argue,https://www.youtube.com/@CNLanguage/videos,,
Usuni Tʉbitsi̠naaka̠,Always listen carefully.,https://www.youtube.com/@CNLanguage/videos,,
Taa tʉreeti nitsi̠punikʉ,Teach our children,https://www.youtube.com/@CNLanguage/videos,,
Kesʉ narahkupaitʉ,Never give up.,https://www.youtube.com/@CNLanguage/videos,,
Tsaanahnʉmʉ̠ka nahaʔnaka,Be a good relative,https://www.youtube.com/@CNLanguage/videos,,
Oyotabeni tanʉ ʉkʉsuabetaiʔetʉ̠,Everyday we are learning new things.,https://www.youtube.com/@CNLanguage/videos,,
Nʉnʉ̠se taanahnʉmʉnʉʉʔa nʉhkakʉrʉ,We dance for our People,https://www.youtube.com/@CNLanguage/videos,,
Oyokonʉʉ nʉmisutainʉ̠nʉʉ,Bless all of us.,https://www.youtube.com/@CNLanguage/videos,,
Tsaaku mia,Go in a good way.,https://www.youtube.com/@CNLanguage/videos,,
Oyoʔtabeni nʉmʉtekwa,Everyday speak Comanche.,https://www.youtube.com/@CNLanguage/videos,,
Sihkatabeni tanʉ taanʉmʉnʉʉʔaʔnani̠sutaikʉrʉ̠,We are praying for our Comanche people today.,https://www.youtube.com/@CNLanguage/videos,,
Nʉnahnʉmʉnʉʉ kamakʉtʉ nʉ,I love my family,https://www.youtube.com/@CNLanguage/videos,,
Taananawapi̠nʉʉʔa Naaka,Listen to our elders.,https://www.youtube.com/@CNLanguage/videos,,
Usuni Taa Ahpʉ tsa puniʔeetʉ̠,Creator is always watching.,https://www.youtube.com/@CNLanguage/videos,,
Siika tukani̠ tomoyaketʉ tsa piayaketʉ̠,Tonight the thunder is loud.,https://www.youtube.com/@CNLanguage/videos,,
Ʉmapʉ̠tsa tsaakwanarʉ,The rain smells good.,https://www.youtube.com/@CNLanguage/videos,,
Ʉkiitsi totsiyaa’a mubʉ̠tsaakatʉ̠,Now the flowers bloom.,https://www.youtube.com/@CNLanguage/videos,,
Taa Piaʔa Sokobi tsa nani̠suyaketʉ̠,Our Mother Earth is beautiful,https://www.youtube.com/@CNLanguage/videos,,
Usuni ʉmaiʔyu,With you always.,https://www.youtube.com/@CNLanguage/videos,,
Tʉwoorui tanʉ̠,We will go hunting.,https://www.youtube.com/@CNLanguage/videos,,
Miitsi nʉetʉ ma,soon it will be windy,https://www.youtube.com/@CNLanguage/videos,,
"Nʉse nʉ nʉmʉ̠, na tsaa nabanaʔitʉ",I'm proud to be Comanche,https://www.youtube.com/@CNLanguage/videos,,
Namakamuki!,Get ready,https://www.youtube.com/@CNLanguage/videos,,
Keta ma wehakʉtʉ!,Don't burn it,https://www.youtube.com/@CNLanguage/videos,,
waʔooʔa nʉ puni,I see a cat,https://www.youtube.com/@CNLanguage/videos,,
puuki nʉ puni,I see a horse,https://www.youtube.com/@CNLanguage/videos,,
tenapʉʔa nʉ puni,I see a man,https://www.youtube.com/@CNLanguage/videos,,
huupi̠ta nʉ puni,I see a tree),https://www.youtube.com/@CNLanguage/videos,,
Otsa tenapʉ.,That is a man.,https://www.youtube.com/@CNLanguage/videos,,
Otsa waʔipʉ.,That is a woman.,https://www.youtube.com/@CNLanguage/videos,,
Otsa kutsutaibo,That is a cowboy,https://www.youtube.com/@CNLanguage/videos,,
Otsa natsutaibo,That is a doctor.,https://www.youtube.com/@CNLanguage/videos,,
Otsa puhataibo.,That is a preacher,https://www.youtube.com/@CNLanguage/videos,,
Tsaa nʉ nʉʉsukatʉ sʉʉmaʔaitʉ,I am happy we are together,https://www.youtube.com/@CNLanguage/videos,,
Sikatabeni tsa tʉbitsi ʉtsʉʔitʉ̠,It’s very cold today,https://www.youtube.com/@CNLanguage/videos,,
Tokwetʉ ma nabuni,It looks perfect!,https://www.youtube.com/@CNLanguage/videos,,
Takwʉ̠tsa tsonikaʔa niwaitʉ̠,We need a hat,https://www.youtube.com/@CNLanguage/videos,,
Takaʉmapʉ̠ʔa nʉ nasuyaketʉ̠,I wish for snow,https://www.youtube.com/@CNLanguage/videos,,
Sikatabeniʔtsa tʉbitsi ʉtsʉitʉ̠,It is really cold today,https://www.youtube.com/@CNLanguage/videos,,
Ʉnʉ̠ha ʉwahimaʔaʔhuupiʔa tsakarʉkʉnʉ̠?,Did you put up your Christmas tree?,https://www.youtube.com/@CNLanguage/videos,,
haamee,Please,https://www.omniglot.com/writing/comanche.htm,,
kotsunok ?otsune,ankle bone,https://www.angelfire.com/creep2/fracod/comanche.html,,
kwasi; oha?ahnakatatuna kwasi,Coyote's tail,https://www.angelfire.com/creep2/fracod/comanche.html,,
nunapu,chest,https://www.angelfire.com/creep2/fracod/comanche.html,,
sapu,stomach,https://www.angelfire.com/creep2/fracod/comanche.html,,
tanapu,knee,https://www.angelfire.com/creep2/fracod/comanche.html,,
me u matvi niwʉnʉ,they say to him,https://archive.org/details/rosettaproject_com_morsyn-1/page/n3/mode/2up,,
me uhrʉ matu yʉhkwi,he said to the two,https://archive.org/details/rosettaproject_com_morsyn-1/page/n3/mode/2up,,
me urʉʉ matu yuhkwi,He said to them,https://archive.org/details/rosettaproject_com_morsyn-1/page/n3/mode/2up,,
me mʉmʉ matu yʉkwitʉ,I say to you,https://archive.org/details/rosettaproject_com_morsyn-1/page/n3/mode/2up,,
hakarʉ,Who?,https://archive.org/details/rosettaproject_com_morsyn-1/page/n3/mode/2up,,
hakarʉ se' nʉ via' tʉasʉ nʉ rami'nʉʉ,"who is my mother, or my brethren?",https://archive.org/details/rosettaproject_com_morsyn-1/page/n3/mode/2up,,
nʉ kahni ha tsaa yʉ,Is my house good?,https://archive.org/details/rosettaproject_com_morsyn-1/page/n3/mode/2up,,
soobe'sʉ nʉnʉ su nih ku puhitoo'a rʉkʉ wasʉ 'e tʉ ʉ,"long ago, we killed turkeys for food in that way",https://archive.org/details/rosettaproject_com_morsyn-1/page/n3/mode/2up,,
sitʉ kʉ se' u sʉʉh po'tse nu,he/she kicked it,https://archive.org/details/rosettaproject_com_morsyn-1/page/n3/mode/2up,,
sʉrʉkʉ'se' kʉhtaa nʉe hu piitʉ,and then it began to blow hard,https://archive.org/details/rosettaproject_com_morsyn-1/page/n3/mode/2up,,
ketokwe,not right,https://archive.org/details/rosettaproject_com_morsyn-1/page/n3/mode/2up,,
ke.bayumukitu,not moving,https://archive.org/details/rosettaproject_com_morsyn-1/page/n3/mode/2up,,
wihnuse' suruu kahniku wekwinu,and they went into a house,https://archive.org/details/rosettaproject_com_morsyn-1/page/n3/mode/2up,,
"na,buni",To look at oneself,https://archive.org/details/rosettaproject_com_morsyn-1/page/n3/mode/2up,,
-hi,in,https://archive.org/details/rosettaproject_com_morsyn-1/page/n3/mode/2up,,
-kaba,among,https://archive.org/details/rosettaproject_com_morsyn-1/page/n3/mode/2up,,
-kuhpa,inside,https://archive.org/details/rosettaproject_com_morsyn-1/page/n3/mode/2up,,
-kahtu,into,https://archive.org/details/rosettaproject_com_morsyn-1/page/n3/mode/2up,,
miihtsf,near,https://archive.org/details/rosettaproject_com_morsyn-1/page/n3/mode/2up,,
-tu,from,https://archive.org/details/rosettaproject_com_morsyn-1/page/n3/mode/2up,,
narʉmʉ.kahtu,into town,https://archive.org/details/rosettaproject_com_morsyn-1/page/n3/mode/2up,,
paa.h.kuJʉ,from out of the water,https://archive.org/details/rosettaproject_com_morsyn-1/page/n3/mode/2up,,
ti,at,https://archive.org/details/rosettaproject_com_morsyn-1/page/n3/mode/2up,,
nʉ buhiwi hta nʉ' narohtʉma kʉ nʉ rʉki 'ih a watsi kʉ',I lost my money that I had put in a can,https://archive.org/details/rosettaproject_com_morsyn-1/page/n3/mode/2up,,
urii urii maka hka kʉ se',when they had fed them,https://archive.org/details/rosettaproject_com_morsyn-1/page/n3/mode/2up,,
tenahpʉ tsa' aruka'a naayarʉ,the man is trailing the deer,https://archive.org/details/rosettaproject_com_morsyn-1/page/n3/mode/2up,,
ʉhpiarokoi,"Oh, my goodness",https://www.webonary.org/comanche/browse/browse-comanche/?letter=t&key=com,,
ʉ nape̠naisʉ!,Tell us all about it!,https://www.webonary.org/comanche/browse/browse-comanche/?letter=t&key=com,,
ʉkwihkatʉ,smell something,https://www.webonary.org/comanche/,,
ʉkwi̠sinʉ̠,sniff an odor,https://www.webonary.org/comanche/,,
ma bʉa,leave it alone,https://www.webonary.org/comanche/,,
yakemiʔa,go crying around,https://www.webonary.org/comanche/,,
nabaʔaikʉ̠,stack things on top of one another,https://www.webonary.org/comanche/,,
taka,sibling,https://www.webonary.org/comanche//,,
Tʉni ipe,I love you,https://books.google.ca/books?id=8F2kJZxYst4C&printsec=frontcover&source=gbs_ViewAPI&hl=en&redir_esc=y#v=onepage&q&f=false,,
Ná tʉwɨ nahaʔu,I am doing well,https://books.google.ca/books?id=8F2kJZxYst4C&printsec=frontcover&source=gbs_ViewAPI&hl=en&redir_esc=y#v=onepage&q&f=false,,
"Marúawe, Tsaaku mía?",What is your name,https://books.google.ca/books?id=8F2kJZxYst4C&printsec=frontcover&source=gbs_ViewAPI&hl=en&redir_esc=y#v=onepage&q&f=false,,
ná yʉpɨ kʉhtų?,are you happy?,https://books.google.ca/books?id=8F2kJZxYst4C&printsec=frontcover&source=gbs_ViewAPI&hl=en&redir_esc=y#v=onepage&q&f=false,,
nahweeyu,gather in mourning,https://books.google.ca/books?id=8F2kJZxYst4C&printsec=frontcover&source=gbs_ViewAPI&hl=en&redir_esc=y#v=onepage&q&f=false,,
kweyai,to be tired,https://books.google.ca/books?id=8F2kJZxYst4C&printsec=frontcover&source=gbs_ViewAPI&hl=en&redir_esc=y#v=onepage&q&f=false,,
kigwai,poke with tongue,https://books.google.ca/books?id=8F2kJZxYst4C&printsec=frontcover&source=gbs_ViewAPI&hl=en&redir_esc=y#v=onepage&q&f=false,,
tsigwai,poke with a stick,https://books.google.ca/books?id=8F2kJZxYst4C&printsec=frontcover&source=gbs_ViewAPI&hl=en&redir_esc=y#v=onepage&q&f=false,,
ehkweʔne,Butcher Knife,https://www.comanchemuseum.com/dictionary.html,,
eka,Red,https://www.comanchemuseum.com/dictionary.html,,
ooyorʉ,Drawers,https://www.comanchemuseum.com/dictionary.html,,
sabahpaki,Drum,https://www.comanchemuseum.com/dictionary.html,,
eetʉ̲,Bow,https://www.comanchemuseum.com/dictionary.html,,
nohkopʉ̲,Bread,https://www.comanchemuseum.com/dictionary.html,,
tasiwoo,Buffalo,https://www.comanchemuseum.com/dictionary.html,,
paʔsa ponii,Acorn,https://www.comanchemuseum.com/dictionary.html,,
aawomakotse,Wash Dishes,https://www.youtube.com/@CNLanguage/videos,,
natsukahni,Hospital,https://www.youtube.com/@CNLanguage/videos,,
toponi,Round,https://www.youtube.com/@CNLanguage/videos,,
Hakapu ʉnʉ miayu?,Where are you going?,https://www.youtube.com/@CNLanguage/videos,,
Hina ʉnʉ hanitʉ?,What are you doing,https://www.youtube.com/@CNLanguage/videos,,
Nʉmoʔokotsetʉ nʉ,I am washing my hands,https://www.youtube.com/@CNLanguage/videos,,
Nʉkobekotsetʉ nʉ,I am washing my face,https://www.youtube.com/@CNLanguage/videos,,
Tʉhkahanitʉ nʉ,I am cooking,https://www.youtube.com/@CNLanguage/videos,,
Manamʉ̠sohitʉ̠,Hurry it,https://www.youtube.com/@CNLanguage/videos,,
Ʉ pihiku tekwa,Speak from your heart,https://www.youtube.com/watch?v=gg0OE3htEUU,,